{
    "model_name": "Linear Regression (Baseline)",
    "Best Test Loss": 4.5634836317841705,
    "MSE": {
        "cost": 88265383.64492206,
        "cycle_time": 385856807.9580424,
        "waiting_time": 646115269.1240934
    },
    "Error": {
        "cost": 9394.965867150453,
        "cycle_time": 19643.23822484578,
        "waiting_time": 25418.797554646313
    },
    "Percentage": {
        "cost": 24.052010636260377,
        "cycle_time": 33.82755640174429,
        "waiting_time": 22.509404290304378
    }
}