{
    "model_name": "Simple NN",
    "Best Test Loss": 0.11800655055987208,
    "MSE": {
        "cost": 1.6060170099268303,
        "cycle_time": 259177206.2850421,
        "waiting_time": 283172736.23744416
    },
    "Error": {
        "cost": 1.2672872641697424,
        "cycle_time": 16098.981529433535,
        "waiting_time": 16827.737109826863
    },
    "Percentage": {
        "cost": 4.841932965962736,
        "cycle_time": 17.47947474558828,
        "waiting_time": 18.792671508921273
    }
}