{
    "model_name": "Simple NN",
    "Best Test Loss": 3.4451423999336033,
    "MSE": {
        "cost": 7021221.62475749,
        "cycle_time": 292344281.35661256,
        "waiting_time": 495582694.9325365
    },
    "Error": {
        "cost": 2649.7587861459183,
        "cycle_time": 17098.078294259052,
        "waiting_time": 22261.68670457242
    },
    "Percentage": {
        "cost": 6.783635769316137,
        "cycle_time": 29.444544796535393,
        "waiting_time": 19.7136510938425
    }
}