{
    "dataset": "data/synthetic/90_day_data.csv",
    "model_name": "Simple NN",
    "Best Test Loss": 0.04369957186281681,
    "MedAE": {
        "cost": 2207.9587117850024,
        "cycle_time": 347.7789260817408,
        "waiting_time": 431.13056175480233
    },
    "MAE": {
        "cost": 3086.988699152957,
        "cycle_time": 5963.114430786219,
        "waiting_time": 7683.392463322725
    },
    "MedAE_Percentage": {
        "cost": 5.093018123204328,
        "cycle_time": 1.528143059473026,
        "waiting_time": 0.725979290212372
    }
}