{
    "model_name": "Simple NN",
    "Best Test Loss": 0.14967614991207845,
    "MSE": {
        "cost": 41250.270422007234,
        "cycle_time": 232563.51717098482,
        "waiting_time": 279111.84900872473
    },
    "Error": {
        "cost": 203.1016258477692,
        "cycle_time": 482.24839778996136,
        "waiting_time": 528.3103718542015
    },
    "Percentage": {
        "cost": 27.614042651982484,
        "cycle_time": 5.419727396771882,
        "waiting_time": 11.675064216515297
    }
}