{
    "model_name": "Deep Network - Hypertuned",
    "Best Test Loss": 0.07181311045822344,
    "MSE": {
        "cost": 0.7149720266113307,
        "cycle_time": 162583028.79251277,
        "waiting_time": 173558700.23781353
    },
    "Error": {
        "cost": 0.845560185091121,
        "cycle_time": 12750.805025272435,
        "waiting_time": 13174.167914438221
    },
    "Percentage": {
        "cost": 3.2306374810611804,
        "cycle_time": 13.844190951936069,
        "waiting_time": 14.712483823795322
    }
}