scenario_id,arrival_rate_mean,res_Clerk_amount,res_Clerk_cost,res_Credit_Officer_amount,res_Credit_Officer_cost,res_System_amount,res_System_cost,el_sid-4B24111F-B305-4608-9E12-744B47C44D0D_duration,el_sid-D048D99D-F549-43B8-8ACB-5AE153B12B0F_duration,el_sid-3744BAA1-9382-4FAB-B7FE-B6A333F10D25_duration,el_sid-622A1118-4766-43B2-A004-7DADE521982D_duration,el_sid-02577CBF-ABA3-4EFD-9480-E1DFCF238B1C_duration,el_sid-503A048D-6344-446A-8D67-172B164CF8FA_duration,kpi_total_cost,kpi_std_total_cost,kpi_cycle_time,kpi_std_cycle_time,kpi_waiting_time,kpi_std_waiting_time,n_reps_used,converged,converged_wait,converged_cost,converged_duration
5,2049.01,2,37.05,10,50.01,2,0.01,75.47,59.41,0.01,149.9,212.4,53.55,0.0,0.0,55056.62371692733,708.4365885256793,109231.7073548473,1425.6398764931637,5,True,True,True,True
10,2320.8,4,53.49,4,35.67,2,0.01,110.82,260.12,0.01,144.57,255.98,66.62,0.0,0.0,56016.77837836723,774.6530408213702,110434.46668152254,1662.7432115901925,6,True,True,True,True
17,2121.13,3,39.28,3,58.65,1,0.01,77.95,202.06,0.01,25.93,112.02,100.12,0.0,0.0,56530.52561640598,1017.126997781537,112016.66972585258,2053.4413441449724,7,True,True,True,True
